Geography,Total.Pop,Percent.Non.White,Percent.Below.Poverty,Median.Household.Income,Percent.Bachelors.Plus,Lat,Lon
Alabama,4799277,30.7,18.6,43253,22.6,32.7396323,-86.8434593
Alaska,720316,33.1,9.9,70760,27.5,63.346191,-152.8370679
Arizona,6479703,20.8,17.9,49774,26.9,34.2099643,-111.602401
Arkansas,2933369,21.7,19.2,40768,20.1,34.8955256,-92.4446262
California,37659181,37.7,15.9,61094,30.7,37.148573,-119.5406515
Colorado,5119329,16.0,13.2,58433,37.0,38.9935752,-105.5077737
Connecticut,3583561,22.1,10.2,69461,36.5,41.5797842,-72.7466666
Delaware,908446,30.0,11.7,59878,28.9,38.9935501,-75.4473739
District of Columbia,619371,59.9,18.6,65830,52.4,38.9041485,-77.0170942
Florida,19091156,23.7,16.3,46956,26.4,28.4574302,-82.4091478
Georgia,9810417,39.4,18.2,49179,28.0,32.629384,-83.4232125
Hawaii,1376298,75.0,11.2,67402,30.1,19.809767,-155.5061027
Idaho,1583364,8.1,15.5,46767,25.1,44.3020948,-114.5956254
Illinois,12848554,27.5,14.1,56797,31.4,40.1028754,-89.1526108
Indiana,6514861,15.4,15.4,48248,23.2,39.9030256,-86.2839503
Iowa,3062553,8.5,12.4,51843,25.7,42.0700243,-93.4933473
Kansas,2868107,14.6,13.7,51332,30.3,38.4985464,-98.3834298
Kentucky,4361333,12.1,18.8,43036,21.5,37.5336807,-85.2929841
Louisiana,4567968,37.1,19.1,44874,21.8,30.8577705,-91.803273
Maine,1328320,4.8,13.6,48453,27.9,45.3906022,-68.6574869
Maryland,5834299,41.6,9.8,73538,36.8,38.9466584,-76.6744939
Massachusetts,6605058,19.5,11.4,66866,39.4,42.1565196,-71.4895915
Michigan,9886095,20.7,16.8,48411,25.9,44.8410835,-85.6593197
Minnesota,5347740,14.4,11.5,59836,32.6,46.3161343,-94.1994801
Mississippi,2976872,40.5,22.7,39031,20.1,32.6864655,-89.6561493
Missouri,6007182,17.0,15.5,47380,26.2,38.35075,-92.4567826
Montana,998554,10.6,15.2,46230,28.7,47.0511771,-109.6348174
Nebraska,1841625,11.8,12.8,51672,28.5,41.5438105,-99.8123253
Nevada,2730066,28.6,15.0,52800,22.4,39.3310928,-116.6151469
New Hampshire,1319171,6.0,8.7,64916,33.7,43.6708595,-71.5811278
New Jersey,8832406,30.8,10.4,71629,35.8,40.1072744,-74.6652012
New Mexico,2069706,27.0,20.4,44927,25.8,34.4391265,-106.1261511
New York,19487053,34.4,15.3,58003,33.2,42.9133974,-75.5962723
North Carolina,9651380,30.3,17.5,46334,27.3,35.53971,-79.1308636
North Dakota,689781,10.4,11.9,53741,27.2,47.4569538,-100.4619304
Ohio,11549590,17.1,15.8,48308,25.2,40.4149297,-82.7119975
Oklahoma,3785742,26.5,16.9,45339,23.5,35.5894185,-97.4868683
Oregon,3868721,14.8,16.2,50229,29.7,43.9715225,-120.6226269
Pennsylvania,12731381,17.8,13.3,52548,27.5,40.9042486,-77.8280624
Rhode Island,1051695,18.6,13.6,56361,31.3,41.5978358,-71.5252895
South Carolina,4679602,32.8,18.1,44779,25.1,33.8741769,-80.8542699
South Dakota,825198,14.4,14.1,49495,26.2,44.4467957,-100.2381762
Tennessee,6402387,21.8,17.6,44298,23.8,35.8585639,-86.3493573
Texas,25639373,25.6,17.6,51900,26.7,31.4347032,-99.2818238
Utah,2813673,11.6,12.7,58821,30.3,39.3349735,-111.6563633
Vermont,625904,4.8,11.8,54267,34.8,44.0605475,-72.673354
Virginia,8100653,30.5,11.3,63907,35.2,37.5222512,-78.6681938
Washington,6819579,21.5,13.4,59478,31.9,47.4162296,-120.5996231
West Virginia,1853619,6.2,17.9,41043,18.3,38.6472854,-80.6183274
Wisconsin,5706871,13.0,13.0,52413,26.8,44.628484,-89.7119299
Wyoming,570134,9.1,11.5,57406,24.7,42.9918024,-107.5419255
Puerto Rico,3682966,30.1,45.1,19624,23.1,18.217648,-66.4107992
"Abilene, TX Metro Area",166202,16.7,17.3,44446,21.4,32.4520222,-99.7187428
"Akron, OH Metro Area",704979,16.8,15.5,50392,28.6,41.1466395,-81.3501104
"Albany, GA Metro Area",157177,55.8,26.1,35885,16.2,31.5893026,-84.1749127
"Albany, OR Metro Area",117648,7.9,17.8,46939,16.9,0,0
"Albany-Schenectady-Troy, NY Metro Area",873238,15.2,11.3,61291,34.1,42.7879202,-73.9423479
"Albuquerque, NM Metro Area",893241,28.7,18.1,49339,29.9,35.1166033,-106.4565347
"Alexandria, LA Metro Area",154147,33.6,19.5,40703,17.1,31.325334,-92.5468804
"Allentown-Bethlehem-Easton, PA-NJ Metro Area",823731,14.7,11.3,57823,26.7,40.7893067,-75.3983288
"Altoona, PA Metro Area",126940,3.8,14.1,42992,18.4,40.4979262,-78.3106398
"Amarillo, TX Metro Area",254583,15.4,16.3,48146,23.1,35.184759,-101.6263412
"Ames, IA Metro Area",90750,11.0,20.9,50516,47.7,42.0375379,-93.4660934
"Anchorage, AK Metro Area",386756,29.4,8.4,75992,30.1,62.2127835,-149.6782237
"Ann Arbor, MI Metro Area",348560,25.4,15.4,59055,51.3,42.2523272,-83.8446336
"Anniston-Oxford-Jacksonville, AL Metro Area",117714,24.9,21.9,39962,16.1,33.7717061,-85.8225133
"Appleton, WI Metro Area",227301,7.8,8.2,59751,26.7,44.2906032,-88.3723255
"Asheville, NC Metro Area",429177,9.3,16.2,44006,30.0,35.5956694,-82.6816145
"Athens-Clarke County, GA Metro Area",194878,26.5,27.3,40702,34.1,33.943984,-83.2138965
"Atlanta-Sandy Springs-Roswell, GA Metro Area",5379176,43.7,15.3,56605,34.9,33.6952909,-84.4389425
"Atlantic City-Hammonton, NJ Metro Area",274960,33.0,14.4,54235,24.2,39.469354,-74.6337584
"Auburn-Opelika, AL Metro Area",144405,29.1,22.0,43542,32.5,32.6040644,-85.3530477
"Augusta-Richmond County, GA-SC Metro Area",570516,41.3,19.5,45454,23.6,33.4372201,-81.9561567
"Austin-Round Rock, TX Metro Area",1782032,22.9,14.8,60830,40.6,30.2395128,-97.6912697
"Bakersfield, CA Metro Area",848204,27.7,22.9,48552,15.0,35.3466288,-118.7295064
"Baltimore-Columbia-Towson, MD Metro Area",2734044,37.8,10.9,69367,36.0,39.304361,-76.5495009
"Bangor, ME Metro Area",153649,4.7,17.0,43734,23.8,45.3906022,-68.6574869
"Barnstable Town, MA Metro Area",215449,6.8,9.3,60526,39.1,41.7988188,-70.2110827
"Baton Rouge, LA Metro Area",808816,39.8,17.1,51748,26.9,30.5708853,-91.1346201
"Battle Creek, MI Metro Area",135534,16.9,17.8,42110,19.5,42.2429896,-85.0123853
"Bay City, MI Metro Area",107312,5.6,14.7,45376,18.2,43.6997112,-83.9787007
"Beaumont-Port Arthur, TX Metro Area",403814,31.9,18.0,44977,16.1,30.0759448,-94.2054866
"Beckley, WV Metro Area",124882,9.7,18.6,38077,15.0,0,0
"Bellingham, WA Metro Area",203211,13.5,16.4,51939,31.9,48.8426531,-121.8364325
"Bend-Redmond, OR Metro Area",160565,6.8,14.5,50209,31.0,43.9151181,-121.2255751
"Billings, MT Metro Area",160991,9.2,12.3,51048,28.6,45.6424316,-108.5996608
"Binghamton, NY Metro Area",250087,10.2,15.7,47891,25.7,42.1639276,-76.0229431
"Birmingham-Hoover, AL Metro Area",1132182,33.0,16.1,48336,27.6,33.4623718,-86.8143378
"Bismarck, ND Metro Area",117878,9.9,9.5,60831,30.2,46.8373553,-100.9054499
"Blacksburg-Christiansburg-Radford, VA Metro Area",178865,10.2,21.2,44034,29.7,37.120036,-80.5570481
"Bloomington, IL Metro Area",187751,14.5,14.2,60999,40.2,0,0
"Bloomington, IN Metro Area",161101,11.2,23.5,40718,38.2,39.1479121,-86.7931726
"Bloomsburg-Berwick, PA Metro Area",85400,4.2,15.2,46135,22.1,0,0
"Boise City, ID Metro Area",628966,8.3,15.7,50126,29.3,43.0066485,-116.1419089
"Boston-Cambridge-Newton, MA-NH Metro Area",4604278,21.3,10.2,73180,43.4,42.5175019,-71.0231021
"Boulder, CO Metro Area",301072,12.3,14.2,67956,58.3,40.0948262,-105.3983824
"Bowling Green, KY Metro Area",160455,13.2,19.3,42569,23.0,37.0877399,-86.3540909
"Bremerton-Silverdale, WA Metro Area",252687,17.8,10.4,62413,29.5,47.6396874,-122.6496358
"Bridgeport-Stamford-Norwalk, CT Metro Area",926233,25.0,9.1,82283,44.8,41.2281028,-73.3667574
"Brownsville-Harlingen, TX Metro Area",410710,9.1,34.8,33179,15.4,26.1029227,-97.4789584
"Brunswick, GA Metro Area",112831,29.1,19.1,43572,21.6,31.3017523,-81.5888759
"Buffalo-Cheektowaga-Niagara Falls, NY Metro Area",1134695,18.7,14.4,50210,29.2,43.0443711,-78.7773351
"Burlington, NC Metro Area",152472,30.2,18.3,43043,21.7,36.0419739,-79.3999353
"Burlington-South Burlington, VT Metro Area",212640,6.9,10.8,61763,41.2,44.6860126,-73.0414959
"California-Lexington Park, MD Metro Area",107079,21.0,7.2,85672,29.5,0,0
"Canton-Massillon, OH Metro Area",404037,10.5,15.0,45424,20.4,40.7110722,-81.2614743
"Cape Coral-Fort Myers, FL Metro Area",633968,15.8,15.4,47439,24.7,26.5521343,-81.8922499
"Cape Girardeau, MO-IL Metro Area",96710,11.9,17.7,43182,23.6,37.3259361,-89.7626388
"Carbondale-Marion, IL Metro Area",126661,14.0,22.4,38930,27.9,0,0
"Carson City, NV Metro Area",54821,15.2,16.2,51957,20.1,39.1534468,-119.743442
"Casper, WY Metro Area",77343,7.2,9.9,57791,22.3,42.9736408,-106.7648769
"Cedar Rapids, IA Metro Area",260033,8.6,9.5,57003,28.7,42.085592,-91.6304705
"Chambersburg-Waynesboro, PA Metro Area",150594,6.7,11.0,52637,19.3,0,0
"Champaign-Urbana, IL Metro Area",233039,22.3,20.3,47368,39.2,40.2344885,-88.2986226
"Charleston, WV Metro Area",226180,9.6,15.3,45324,22.5,38.2894132,-81.6599215
"Charleston-North Charleston, SC Metro Area",682904,33.0,15.9,51911,31.7,33.0153833,-80.0107773
"Charlotte-Concord-Gastonia, NC-SC Metro Area",2261321,30.3,15.1,52051,30.6,35.1091362,-80.7322711
"Charlottesville, VA Metro Area",220802,21.5,14.5,58015,41.1,37.9517645,-78.5971179
"Chattanooga, TN-GA Metro Area",533187,18.5,16.3,44955,23.1,35.0489484,-85.3619271
"Cheyenne, WY Metro Area",93073,12.3,10.8,55864,25.1,41.2928302,-104.660395
"Chicago-Naperville-Elgin, IL-IN-WI Metro Area",9488493,33.5,13.8,61156,34.6,41.8235214,-87.8282967
"Chico, CA Metro Area",220542,16.0,20.4,43752,24.4,39.6659588,-121.6019188
"Cincinnati, OH-KY-IN Metro Area",2122940,17.0,13.9,54692,29.9,39.0785794,-84.4634978
"Clarksville, TN-KY Metro Area",266098,26.7,17.5,46069,20.9,36.6957098,-87.6243072
"Cleveland, TN Metro Area",116793,7.2,19.4,40811,17.4,35.138022,-84.6551121
"Cleveland-Elyria, OH Metro Area",2070965,25.4,15.4,48954,28.4,41.760392,-81.7242168
"Coeur d'Alene, ID Metro Area",140785,5.2,13.4,49002,23.3,47.6771129,-116.6949184
"College Station-Bryan, TX Metro Area",231417,24.6,28.0,39266,34.0,30.7543917,-96.4885368
"Colorado Springs, CO Metro Area",657699,18.3,12.2,57229,35.1,38.8454664,-104.6390684
"Columbia, MO Metro Area",165776,17.5,20.0,48627,47.3,39.0430744,-92.4627993
"Columbia, SC Metro Area",776794,39.0,16.1,49294,30.3,34.0841749,-81.0405974
"Columbus, GA-AL Metro Area",303626,47.4,18.6,42288,21.7,32.4367563,-84.9007384
"Columbus, IN Metro Area",77930,11.5,12.2,54165,26.5,39.205843,-85.8979988
"Columbus, OH Metro Area",1926242,21.6,15.2,54156,33.0,40.0399691,-82.93641
"Corpus Christi, TX Metro Area",433094,13.2,18.3,47373,19.3,27.8989315,-97.4012355
"Corvallis, OR Metro Area",85989,11.9,22.5,48604,50.0,44.4906234,-123.4263169
"Crestview-Fort Walton Beach-Destin, FL Metro Area",242442,18.0,14.4,52303,26.6,30.6658583,-86.5941941
"Cumberland, MD-WV Metro Area",102409,9.4,17.0,36833,15.8,39.5309788,-78.8061285
"Dallas-Fort Worth-Arlington, TX Metro Area",6575833,31.0,14.7,58356,31.7,32.8672144,-96.9331637
"Dalton, GA Metro Area",142060,10.6,21.0,39165,12.7,34.7969222,-84.8563302
"Danville, IL Metro Area",81147,17.0,19.6,41400,13.9,40.1867398,-87.7267715
"Daphne-Fairhope-Foley, AL Metro Area",187114,13.6,13.9,50221,27.7,0,0
"Davenport-Moline-Rock Island, IA-IL Metro Area",381142,13.9,12.7,51151,25.4,41.3916799,-90.460076
"Dayton, OH Metro Area",801888,20.8,16.3,47095,26.2,39.8060106,-84.2680556
"Decatur, AL Metro Area",153682,18.4,16.1,43312,18.1,34.4893614,-87.0971469
"Decatur, IL Metro Area",110262,20.8,17.6,46559,22.3,39.8602372,-88.9615288
"Deltona-Daytona Beach-Ormond Beach, FL Metro Area",593569,18.1,16.8,43133,21.2,29.0576172,-81.1618129
"Denver-Aurora-Lakewood, CO Metro Area",2601465,18.6,12.3,62742,39.2,39.4344245,-104.9024639
"Des Moines-West Des Moines, IA Metro Area",580913,12.3,10.7,60750,34.5,41.5449263,-93.9434507
"Detroit-Warren-Dearborn, MI Metro Area",4295700,29.7,16.7,51844,28.1,42.7218478,-83.2008463
"Dothan, AL Metro Area",146425,27.1,18.2,40076,17.5,31.2454962,-85.4691714
"Dover, DE Metro Area",165030,31.8,12.9,55149,21.4,39.0970884,-75.5029819
"Dubuque, IA Metro Area",94411,5.9,10.9,51475,27.1,42.4634808,-90.8787708
"Duluth, MN-WI Metro Area",279719,7.5,15.7,47074,24.8,47.3297471,-92.3764788
"Durham-Chapel Hill, NC Metro Area",516798,38.3,17.5,52549,44.1,35.995536,-79.0969897
"East Stroudsburg, PA Metro Area",168947,20.9,12.0,57408,23.8,0,0
"Eau Claire, WI Metro Area",162464,6.0,13.9,49176,25.9,44.938029,-91.285538
"El Centro, CA Metro Area",175201,31.6,23.3,41807,13.3,33.0408155,-115.3553946
"Elizabethtown-Fort Knox, KY Metro Area",149388,16.3,16.1,47693,18.2,37.6462171,-85.8864353
"Elkhart-Goshen, IN Metro Area",198662,14.4,16.7,45693,18.2,41.6006928,-85.8639864
"Elmira, NY Metro Area",88876,10.9,15.7,48804,21.5,42.1552807,-76.7471788
"El Paso, TX Metro Area",816409,19.1,23.4,40062,20.6,31.7664034,-106.2413905
"Erie, PA Metro Area",280518,11.7,16.9,45202,24.8,42.1179519,-80.0963858
"Eugene, OR Metro Area",353382,11.2,20.0,42931,27.7,43.9282763,-122.8976779
"Evansville, IN-KY Metro Area",312412,10.6,14.3,47810,22.4,37.978873,-87.5952438
"Fairbanks, AK Metro Area",98656,22.3,8.4,69223,29.0,64.6908322,-146.5998673
"Fargo, ND-MN Metro Area",213718,8.3,12.8,52547,35.3,46.9156482,-96.9597366
"Farmington, NM Metro Area",128476,46.4,22.4,48196,15.2,36.5116245,-108.3245778
"Fayetteville, NC Metro Area",370875,48.8,17.8,45252,22.0,35.0379563,-78.9822092
"Fayetteville-Springdale-Rogers, AR-MO Metro Area",473913,16.3,16.7,47356,27.1,36.1976326,-94.1198967
"Flagstaff, AZ Metro Area",134795,37.9,23.0,49555,31.1,35.8296919,-111.7737277
"Flint, MI Metro Area",421575,25.3,21.0,42089,18.9,43.0210768,-83.7063718
"Florence, SC Metro Area",205739,44.2,21.2,40261,19.9,34.1537745,-79.8060793
"Florence-Muscle Shoals, AL Metro Area",147122,15.5,17.5,41616,19.8,34.7992544,-87.7193881
"Fond du Lac, WI Metro Area",101666,6.1,9.8,53820,20.0,43.7547219,-88.493284
"Fort Collins, CO Metro Area",305798,9.0,14.1,58626,43.8,40.6630912,-105.4821309
"Fort Smith, AR-OK Metro Area",280228,19.0,21.2,38730,16.1,35.2407464,-94.4689702
"Fort Wayne, IN Metro Area",419305,17.6,14.4,49573,24.7,41.0069891,-85.2164054
"Fresno, CA Metro Area",939605,40.3,26.0,45563,19.6,36.7610058,-119.6550193
"Gadsden, AL Metro Area",104260,18.2,19.0,38013,14.8,34.0476377,-86.0344203
"Gainesville, FL Metro Area",266765,28.6,24.9,41826,38.4,29.678067,-82.4797097
"Gainesville, GA Metro Area",182841,18.0,18.7,50853,22.8,34.3175876,-83.8184973
"Gettysburg, PA Metro Area",101496,7.3,8.7,59492,20.4,0,0
"Glens Falls, NY Metro Area",128821,4.6,12.0,54086,23.3,43.44045,-73.6367568
"Goldsboro, NC Metro Area",123382,43.0,22.1,41731,16.4,35.3627413,-78.004826
"Grand Forks, ND-MN Metro Area",98879,9.1,14.9,47973,28.9,47.835929,-96.8426809
"Grand Island, NE Metro Area",82631,6.1,13.0,49794,17.9,0,0
"Grand Junction, CO Metro Area",147432,8.6,14.7,49471,25.7,39.0194924,-108.4618366
"Grand Rapids-Wyoming, MI Metro Area",998916,14.0,14.4,52108,29.1,43.072691,-85.4707813
"Grants Pass, OR Metro Area",82783,6.1,20.2,37733,17.0,0,0
"Great Falls, MT Metro Area",81621,10.8,14.9,44963,24.6,47.3164427,-111.350571
"Greeley, CO Metro Area",258780,13.0,14.7,57180,25.9,40.5557944,-104.3836487
"Green Bay, WI Metro Area",308706,10.1,11.2,52947,24.3,44.4739612,-87.9959258
"Greensboro-High Point, NC Metro Area",730342,34.2,18.0,43608,26.6,36.0252039,-79.7926333
"Greenville, NC Metro Area",170485,40.7,24.3,40718,28.1,35.5680106,-77.462216
"Greenville-Anderson-Mauldin, SC Metro Area",834277,21.3,16.8,45120,26.0,34.7454744,-82.3267734
"Gulfport-Biloxi-Pascagoula, MS Metro Area",375259,26.5,18.2,45479,20.5,30.4876802,-89.1978073
"Hagerstown-Martinsburg, MD-WV Metro Area",254247,14.0,12.7,54592,19.6,39.5543788,-77.9846169
"Hammond, LA Metro Area",122665,32.9,21.2,40654,19.4,0,0
"Hanford-Corcoran, CA Metro Area",151806,28.2,21.0,48133,12.9,36.072478,-119.8155301
"Harrisburg-Carlisle, PA Metro Area",552292,17.5,10.9,57139,29.1,40.3363011,-77.0935965
"Harrisonburg, VA Metro Area",126811,8.9,18.8,47192,27.0,38.5112574,-78.876307
"Hartford-West Hartford-East Hartford, CT Metro Area",1213883,22.8,10.3,68404,35.7,41.7186024,-72.573873
"Hattiesburg, MS Metro Area",144928,31.9,23.0,41297,27.8,31.1893847,-89.2315902
"Hickory-Lenoir-Morganton, NC Metro Area",364501,14.6,17.6,40129,17.0,35.8134396,-81.4552258
"Hilton Head Island-Bluffton-Beaufort, SC Metro Area",190762,30.2,14.0,54246,34.4,0,0
"Hinesville, GA Metro Area",80184,49.5,18.8,43722,19.0,31.7787798,-81.576468
"Homosassa Springs, FL Metro Area",140214,6.7,16.8,39100,16.6,0,0
"Hot Springs, AR Metro Area",96547,15.0,20.7,39162,20.9,34.5788613,-93.1469148
"Houma-Thibodaux, LA Metro Area",208623,25.0,15.7,50250,14.1,29.3332656,-90.8441905
"Houston-The Woodlands-Sugar Land, TX Metro Area",6063540,34.3,16.3,57712,29.4,29.8010046,-95.34262
"Huntington-Ashland, WV-KY-OH Metro Area",364749,4.8,19.1,41743,18.6,38.4075778,-82.5471087
"Huntsville, AL Metro Area",424543,28.3,13.2,55774,35.2,34.7838394,-86.7351482
"Idaho Falls, ID Metro Area",134755,8.5,11.8,50841,25.1,43.5457709,-111.8675946
"Indianapolis-Carmel-Anderson, IN Metro Area",1911795,22.0,14.4,52147,30.3,39.6990545,-86.2607838
"Iowa City, IA Metro Area",155868,13.3,16.6,53563,46.2,41.5178058,-91.6479303
"Ithaca, NY Metro Area",102270,17.7,20.5,51393,49.3,42.4532811,-76.4737116
"Jackson, MI Metro Area",160126,12.4,17.0,46615,18.8,42.2484738,-84.4208679
"Jackson, MS Metro Area",571881,51.4,20.0,44850,28.7,32.1895203,-90.1879207
"Jackson, TN Metro Area",129988,33.8,19.9,40959,22.0,35.5434767,-88.7709539
"Jacksonville, FL Metro Area",1363610,29.3,14.6,52258,27.8,30.237006,-81.7552707
"Jacksonville, NC Metro Area",179935,25.0,15.2,45450,18.0,34.76346,-77.5032971
"Janesville-Beloit, WI Metro Area",160345,9.6,14.3,49435,19.4,42.6699307,-89.0751194
"Jefferson City, MO Metro Area",150003,11.4,12.6,51017,25.2,38.6371207,-92.0892275
"Johnson City, TN Metro Area",199583,6.0,20.0,38202,23.8,36.2500912,-82.3313745
"Johnstown, PA Metro Area",142448,6.1,14.9,41730,18.3,40.4941269,-78.7152843
"Jonesboro, AR Metro Area",122801,15.6,22.1,39524,21.1,35.701316,-90.6501165
"Joplin, MO Metro Area",175355,9.1,17.3,40954,19.4,37.0555457,-94.3397364
"Kahului-Wailuku-Lahaina, HI Metro Area",156704,65.2,10.6,63505,25.7,0,0
"Kalamazoo-Portage, MI Metro Area",328660,16.5,19.2,45634,30.1,42.2688708,-86.0373725
"Kankakee, IL Metro Area",112991,20.4,16.4,50102,17.1,41.1394937,-87.8611252
"Kansas City, MO-KS Metro Area",2025297,20.7,12.5,56815,33.3,38.9086649,-94.5086766
"Kennewick-Richland, WA Metro Area",260827,25.0,15.1,58895,24.9,46.363914,-119.2540809
"Killeen-Temple, TX Metro Area",412047,31.6,15.1,49973,20.3,31.2074305,-97.7858838
"Kingsport-Bristol-Bristol, TN-VA Metro Area",308957,4.5,17.0,39008,18.6,36.6041629,-82.4401156
"Kingston, NY Metro Area",182086,12.7,12.5,58590,29.9,41.9472321,-74.265447
"Knoxville, TN Metro Area",843268,9.7,15.9,44666,26.4,35.9294514,-84.015497
"Kokomo, IN Metro Area",82795,11.4,16.7,43590,20.0,40.3976786,-86.0794204
"La Crosse-Onalaska, WI-MN Metro Area",134335,7.5,13.6,51576,28.8,43.7832461,-91.318743
"Lafayette, LA Metro Area",471070,29.0,17.8,46755,20.0,30.1524915,-91.727907
"Lafayette-West Lafayette, IN Metro Area",204560,12.5,20.0,45062,32.4,0,0
"Lake Charles, LA Metro Area",200317,28.1,17.1,44204,19.7,29.9810295,-93.2393843
"Lake Havasu City-Kingman, AZ Metro Area",201680,11.0,19.4,39200,11.9,35.717705,-113.7496891
"Lakeland-Winter Haven, FL Metro Area",610295,21.1,18.2,43113,18.1,27.9531147,-81.6927831
"Lancaster, PA Metro Area",523306,10.5,10.5,56483,24.2,40.0419921,-76.250198
"Lansing-East Lansing, MI Metro Area",465253,18.0,17.4,49896,32.1,42.7136586,-84.6053717
"Laredo, TX Metro Area",254829,6.5,31.4,39449,17.2,27.7705836,-99.3266413
"Las Cruces, NM Metro Area",211175,10.7,27.0,37933,26.6,32.3509119,-106.8321821
"Las Vegas-Henderson-Paradise, NV Metro Area",1976925,33.4,15.1,52873,22.1,36.214236,-115.0138188
"Lawrence, KS Metro Area",112210,15.1,19.0,49508,49.6,38.8965726,-95.2905294
"Lawton, OK Metro Area",130757,34.3,17.2,46051,19.6,34.6626279,-98.4765971
"Lebanon, PA Metro Area",134411,11.0,10.7,54818,19.4,40.3673441,-76.4580089
"Lewiston, ID-WA Metro Area",61260,8.5,12.0,44887,19.9,46.2533666,-116.928511
"Lewiston-Auburn, ME Metro Area",107634,7.3,15.6,44921,18.8,44.1676811,-70.2074347
"Lexington-Fayette, KY Metro Area",478699,18.3,17.3,49441,34.4,38.0913621,-84.4351824
"Lima, OH Metro Area",105895,16.5,18.6,42823,17.2,40.771528,-84.1065456
"Lincoln, NE Metro Area",306697,11.4,14.8,52049,35.5,40.8175158,-96.8687359
"Little Rock-North Little Rock-Conway, AR Metro Area",709447,27.2,14.8,48808,27.4,34.7558188,-92.4007324
"Logan, UT-ID Metro Area",126982,8.2,16.1,49056,34.7,41.8839718,-111.7870927
"Longview, TX Metro Area",215406,22.8,17.3,45819,17.1,32.364601,-94.819897
"Longview, WA Metro Area",102110,9.2,17.6,47596,15.4,46.1859234,-122.6586822
"Los Angeles-Long Beach-Anaheim, CA Metro Area",12945252,44.5,16.5,60252,31.4,0,0
"Louisville/Jefferson County, KY-IN Metro Area",1244880,18.9,14.9,49753,26.3,38.2395982,-85.6875001
"Lubbock, TX Metro Area",294530,20.5,20.5,44245,27.3,33.6130918,-101.5481325
"Lynchburg, VA Metro Area",253959,21.6,15.5,46339,23.2,37.3649258,-79.2166894
"Macon, GA Metro Area",232202,47.2,22.4,40257,20.4,32.8561949,-83.7143103
"Madera, CA Metro Area",151435,18.2,22.8,45625,13.6,37.2100387,-119.7498519
"Madison, WI Metro Area",614019,12.4,12.3,60694,41.5,43.16981,-89.5901035
"Manchester-Nashua, NH Metro Area",402017,9.1,8.6,69829,35.0,42.9116429,-71.7231012
"Manhattan, KS Metro Area",95252,13.4,19.6,46423,40.6,39.2684241,-96.5622422
"Mankato-North Mankato, MN Metro Area",97353,6.9,16.3,53041,31.0,44.1562427,-94.1385176
"Mansfield, OH Metro Area",123387,12.8,15.7,41835,14.9,40.7741674,-82.5427146
"McAllen-Edinburg-Mission, TX Metro Area",790646,11.2,34.8,34146,15.9,26.3963839,-98.18099
"Medford, OR Metro Area",205117,8.2,17.2,44005,24.8,42.411782,-122.6757974
"Memphis, TN-MS-AR Metro Area",1331931,51.6,19.2,47497,25.6,35.0244194,-89.8719712
"Merced, CA Metro Area",258707,33.2,25.4,42591,12.6,37.1948063,-120.7228019
"Miami-Fort Lauderdale-West Palm Beach, FL Metro Area",5673185,28.4,16.9,48148,28.9,26.1018281,-80.4787552
"Michigan City-La Porte, IN Metro Area",111310,14.8,16.5,47538,17.3,41.5490111,-86.7447293
"Midland, MI Metro Area",83842,6.1,13.4,53076,32.3,0,0
"Midland, TX Metro Area",147245,16.8,10.5,62356,24.0,31.8708957,-102.0243264
"Milwaukee-Waukesha-West Allis, WI Metro Area",1560621,25.1,15.3,53479,32.2,43.0176546,-87.4815749
"Minneapolis-St. Paul-Bloomington, MN-WI Metro Area",3391191,18.4,10.6,66940,38.4,45.0663538,-93.2002176
"Missoula, MT Metro Area",110243,7.3,16.5,46117,39.1,47.0272626,-113.8926807
"Mobile, AL Metro Area",413188,39.4,19.8,43028,20.7,30.684573,-88.1965684
"Modesto, CA Metro Area",518321,23.5,20.3,49297,16.4,37.5623842,-121.0026557
"Monroe, LA Metro Area",177217,38.2,23.8,38497,21.5,32.6904772,-92.2627929
"Monroe, MI Metro Area",151408,5.3,12.3,53972,18.0,41.916097,-83.4871059
"Montgomery, AL Metro Area",374868,47.2,18.4,47290,27.1,32.3655943,-86.4045181
"Morgantown, WV Metro Area",132149,7.9,20.0,44727,30.5,39.5251551,-79.8019121
"Morristown, TN Metro Area",114480,6.9,18.8,39669,14.9,36.1710614,-83.4233182
"Mount Vernon-Anacortes, WA Metro Area",117641,12.3,13.5,55925,23.6,48.4930662,-121.8162777
"Muncie, IN Metro Area",117575,10.8,22.3,37474,22.5,40.2271653,-85.3988555
"Muskegon, MI Metro Area",171153,19.3,19.9,40979,17.2,43.2892579,-86.751892
"Myrtle Beach-Conway-North Myrtle Beach, SC-NC Metro Area",387012,18.6,18.0,43626,23.4,33.9092694,-78.9766749
"Napa, CA Metro Area",137837,21.5,10.1,70443,31.3,38.5073511,-122.3259947
"Naples-Immokalee-Marco Island, FL Metro Area",328209,12.4,14.1,55843,31.7,26.1187125,-81.4008838
"Nashville-Davidson--Murfreesboro--Franklin, TN Metro Area",1702603,21.9,14.3,52481,30.7,36.1281375,-86.681006
"New Bern, NC Metro Area",127350,29.3,16.3,45781,19.9,0,0
"New Haven-Milford, CT Metro Area",862611,24.7,12.4,61996,32.9,41.3497173,-72.9002037
"New Orleans-Metairie, LA Metro Area",1209239,41.5,18.3,47341,26.7,30.0686361,-89.9390074
"New York-Newark-Jersey City, NY-NJ-PA Metro Area",19716880,40.0,13.9,66285,36.5,40.7743217,-73.8744994
"Niles-Benton Harbor, MI Metro Area",156290,21.9,17.5,43633,24.2,41.7926389,-86.7418216
"North Port-Sarasota-Bradenton, FL Metro Area",712581,12.2,13.6,48558,28.9,27.3440056,-82.3611251
"Norwich-New London, CT Metro Area",274090,17.6,8.7,66583,31.3,41.4786303,-72.1034515
"Ocala, FL Metro Area",333503,18.5,18.1,39453,17.4,29.2028047,-82.0431004
"Ocean City, NJ Metro Area",96684,9.2,10.1,56494,28.7,39.0861425,-74.8477158
"Odessa, TX Metro Area",141542,14.3,15.9,51466,13.5,31.8653008,-102.5425068
"Ogden-Clearfield, UT Metro Area",605609,10.8,9.8,62378,28.5,41.1239995,-111.8690313
"Oklahoma City, OK Metro Area",1277830,25.8,15.6,49752,28.1,35.4295433,-97.5063501
"Olympia-Tumwater, WA Metro Area",256080,16.7,11.7,62229,32.3,46.9325978,-122.8294407
"Omaha-Council Bluffs, NE-IA Metro Area",876355,15.8,12.1,56943,33.1,41.2904587,-95.9999701
"Orlando-Kissimmee-Sanford, FL Metro Area",2183363,27.9,15.5,48459,28.1,28.4343334,-81.3631242
"Oshkosh-Neenah, WI Metro Area",167860,6.9,12.3,51010,25.5,44.0857068,-88.6681488
"Owensboro, KY Metro Area",115362,7.3,15.4,46205,17.6,37.6937232,-87.077058
"Oxnard-Thousand Oaks-Ventura, CA Metro Area",829017,24.0,11.1,76544,31.4,34.3587415,-119.1331432
"Palm Bay-Melbourne-Titusville, FL Metro Area",545667,16.4,13.5,48039,26.3,28.2982755,-80.7003842
"Panama City, FL Metro Area",186497,17.9,14.9,46678,20.4,30.2375633,-85.6313477
"Parkersburg-Vienna, WV Metro Area",92575,3.6,16.4,41977,17.9,39.3087557,-81.4580427
"Pensacola-Ferry Pass-Brent, FL Metro Area",456374,24.7,16.1,48594,24.5,30.6554013,-87.1618275
"Peoria, IL Metro Area",380163,14.1,13.2,53777,26.2,40.7882466,-89.5147723
"Philadelphia-Camden-Wilmington, PA-NJ-DE-MD Metro Area",5992766,31.5,12.9,61923,33.6,39.8954398,-75.3119256
"Phoenix-Mesa-Scottsdale, AZ Metro Area",4268289,19.5,16.6,53228,28.7,33.1857653,-112.0678624
"Pine Bluff, AR Metro Area",98578,50.7,23.7,37092,15.7,34.0812084,-91.9457289
"Pittsburgh, PA Metro Area",2358746,12.3,12.2,50935,29.9,40.4343484,-79.8280537
"Pittsfield, MA Metro Area",130545,7.4,12.8,48450,30.3,42.3753141,-73.2139479
"Pocatello, ID Metro Area",83091,9.5,15.5,43534,26.8,42.6897614,-112.5775299
"Portland-South Portland, ME Metro Area",516460,5.6,10.7,57371,35.7,43.6514172,-70.4183755
"Portland-Vancouver-Hillsboro, OR-WA Metro Area",2260591,17.8,13.6,58110,34.5,45.6006487,-122.4842452
"Port St. Lucie, FL Metro Area",428801,22.3,16.5,45484,23.2,27.2326989,-80.4267701
"Prescott, AZ Metro Area",211968,8.1,15.8,42987,24.2,34.6300439,-112.5737449
"Providence-Warwick, RI-MA Metro Area",1601565,16.1,13.2,56007,29.2,41.7052705,-71.285053
"Provo-Orem, UT Metro Area",539562,8.6,14.0,59993,36.0,39.872067,-112.3590592
"Pueblo, CO Metro Area",160048,20.5,19.1,41777,21.5,38.1706581,-104.4898925
"Punta Gorda, FL Metro Area",161276,9.3,12.6,44378,21.2,26.8688259,-81.9408583
"Racine, WI Metro Area",195045,18.9,13.3,54090,23.0,42.7540747,-87.414676
"Raleigh, NC Metro Area",1162689,30.2,12.2,62088,42.2,35.7567464,-78.4604412
"Rapid City, SD Metro Area",136972,14.6,12.8,50464,26.3,44.3182649,-102.7648382
"Reading, PA Metro Area",412078,16.0,13.9,55170,22.3,40.4139565,-75.9268598
"Redding, CA Metro Area",177966,12.8,17.5,44651,18.8,40.7605215,-122.0435495
"Reno, NV Metro Area",429476,18.4,15.1,53125,27.2,40.5011056,-119.7315309
"Richmond, VA Metro Area",1221729,37.6,12.0,58891,32.7,37.5227344,-77.5210148
"Riverside-San Bernardino-Ontario, CA Metro Area",4285443,35.4,17.4,55269,19.7,34.5375344,-116.1309212
"Roanoke, VA Metro Area",309599,17.4,13.5,49397,26.2,37.2862262,-79.9469346
"Rochester, MN Metro Area",208641,10.3,8.4,63183,34.2,44.0965969,-92.4771836
"Rochester, NY Metro Area",1081126,18.4,14.0,52762,32.3,43.1860498,-77.5544282
"Rockford, IL Metro Area",347452,18.7,16.5,49040,20.9,42.331183,-89.0429139
"Rocky Mount, NC Metro Area",151620,50.3,20.0,39495,16.0,35.9410455,-77.7985494
"Rome, GA Metro Area",96147,21.7,21.0,40821,18.1,34.2636769,-85.2137297
"Sacramento--Roseville--Arden-Arcade, CA Metro Area",2174401,33.2,15.6,58940,30.4,38.7896195,-121.0058092
"Saginaw, MI Metro Area",198841,24.3,19.2,42331,19.1,43.3282667,-84.05541
"St. Cloud, MN Metro Area",189809,7.6,13.4,54015,23.7,45.5931378,-94.4885448
"St. George, UT Metro Area",141902,7.3,15.3,49279,26.4,37.2625308,-113.4878003
"St. Joseph, MO-KS Metro Area",127516,9.7,14.9,45617,19.0,39.834843,-94.7837537
"St. Louis, MO-IL Metro Area",2792127,23.3,13.1,54463,30.9,38.6694673,-90.3959382
"Salem, OR Metro Area",394371,17.7,18.2,48017,22.7,44.9033845,-122.9017571
"Salinas, CA Metro Area",420569,25.2,17.0,59168,23.0,36.240107,-121.3155732
"Salisbury, MD-DE Metro Area",378141,24.3,14.5,52161,23.4,38.1972799,-75.7692531
"Salt Lake City, UT Metro Area",1107434,14.9,12.5,60616,30.5,40.554023,-112.6636463
"San Angelo, TX Metro Area",113572,13.6,16.1,44626,21.4,31.3653095,-100.6594181
"San Antonio-New Braunfels, TX Metro Area",2192724,21.8,16.5,52139,26.2,29.4330599,-98.6069734
"San Diego-Carlsbad, CA Metro Area",3138265,28.6,14.4,62962,34.6,33.0236041,-116.7761174
"San Francisco-Oakland-Hayward, CA Metro Area",4402729,45.2,11.1,77887,44.5,37.7737185,-122.2744317
"San Jose-Sunnyvale-Santa Clara, CA Metro Area",1868323,49.3,10.2,90962,45.7,36.9084718,-121.3713721
"San Luis Obispo-Paso Robles-Arroyo Grande, CA Metro Area",272094,16.1,14.3,58697,31.5,35.3852268,-120.4475404
"Santa Cruz-Watsonville, CA Metro Area",264808,18.7,14.6,66519,37.0,37.0124883,-122.007205
"Santa Fe, NM Metro Area",145400,15.6,17.0,52917,39.7,35.5137223,-105.9664409
"Santa Maria-Santa Barbara, CA Metro Area",427288,26.1,16.0,62779,31.3,0,0
"Santa Rosa, CA Metro Area",487469,20.0,11.9,63356,32.2,38.532574,-122.9451943
"Savannah, GA Metro Area",355473,39.2,17.2,49535,29.1,32.1057893,-81.2661982
"Scranton--Wilkes-Barre--Hazleton, PA Metro Area",563279,7.7,14.6,45258,22.6,41.3228807,-75.8981878
"Seattle-Tacoma-Bellevue, WA Metro Area",3504628,27.0,11.5,67745,38.0,47.5530649,-121.8831371
"Sebastian-Vero Beach, FL Metro Area",139356,13.3,15.1,44772,26.6,27.7006382,-80.5748033
"Sebring, FL Metro Area",98275,14.9,20.1,35560,14.9,0,0
"Sheboygan, WI Metro Area",115235,9.1,9.5,52920,22.4,43.7460015,-87.7305455
"Sherman-Denison, TX Metro Area",121292,14.2,15.7,46429,19.6,33.6245082,-96.6756986
"Shreveport-Bossier City, LA Metro Area",443350,43.0,18.5,43626,21.8,32.4376822,-93.7448836
"Sierra Vista-Douglas, AZ Metro Area",131038,20.2,17.1,45755,22.5,0,0
"Sioux City, IA-NE-SD Metro Area",168526,14.5,13.3,49870,20.2,42.5129417,-96.4389491
"Sioux Falls, SD Metro Area",233750,10.2,9.5,56012,30.6,43.4954205,-96.9953387
"South Bend-Mishawaka, IN-MI Metro Area",318906,18.9,17.2,44535,24.7,41.7749808,-86.1230143
"Spartanburg, SC Metro Area",315383,27.5,18.1,41817,20.5,34.9332392,-81.991053
"Spokane-Spokane Valley, WA Metro Area",530301,10.6,15.6,48381,27.3,47.6203793,-117.4043916
"Springfield, IL Metro Area",210956,15.7,13.9,55640,31.9,39.8285397,-89.6960914
"Springfield, MA Metro Area",624411,19.2,16.6,51935,28.8,42.3644303,-72.6169643
"Springfield, MO Metro Area",441050,7.0,17.7,42653,25.5,37.3608589,-93.1802486
"Springfield, OH Metro Area",137763,13.7,18.6,43136,17.6,39.9170315,-83.783676
"State College, PA Metro Area",154460,10.7,20.5,50336,40.4,40.9091603,-77.8478296
"Staunton-Waynesboro, VA Metro Area",118814,11.2,13.1,47935,21.4,0,0
"Stockton-Lodi, CA Metro Area",693177,41.2,18.2,53380,18.1,37.9350336,-121.2722369
"Sumter, SC Metro Area",107645,51.2,17.9,41366,19.2,33.9160459,-80.3824721
"Syracuse, NY Metro Area",661838,14.6,14.9,52981,29.4,43.0065299,-76.1961167
"Tallahassee, FL Metro Area",370777,38.8,22.7,45516,36.2,30.3866132,-84.2805142
"Tampa-St. Petersburg-Clearwater, FL Metro Area",2819241,20.1,15.4,46497,26.3,28.1259071,-82.4652858
"Terre Haute, IN Metro Area",172368,8.9,18.7,42314,18.2,39.392389,-87.3470958
"Texarkana, TX-AR Metro Area",149358,28.9,19.1,41882,16.7,33.3920771,-94.2127669
"The Villages, FL Metro Area",98409,12.2,12.0,48493,25.2,0,0
"Toledo, OH Metro Area",609437,20.8,18.9,44556,24.1,41.5551816,-83.5171567
"Topeka, KS Metro Area",234089,15.0,14.9,49761,26.6,39.0413888,-95.8026393
"Trenton, NJ Metro Area",368094,37.7,11.2,73480,38.8,40.2825027,-74.703724
"Tucson, AZ Metro Area",986891,20.7,19.2,45841,29.8,32.1282374,-111.7830177
"Tulsa, OK Metro Area",945802,27.2,14.9,48573,25.7,36.2487207,-96.1638869
"Tuscaloosa, AL Metro Area",231934,35.7,20.1,42642,24.4,33.0571561,-87.6621424
"Tyler, TX Metro Area",212227,23.4,16.7,47432,24.5,32.3770925,-95.2696296
"Urban Honolulu, HI Metro Area",964678,78.7,9.8,72764,32.1,0,0
"Utica-Rome, NY Metro Area",298634,11.2,15.7,47897,22.0,43.3322887,-75.173169
"Valdosta, GA Metro Area",141522,40.6,24.6,36798,20.2,30.8274985,-83.2421316
"Vallejo-Fairfield, CA Metro Area",417258,46.4,13.0,67177,24.3,38.2672255,-121.939594
"Victoria, TX Metro Area",95349,18.2,16.7,50454,16.1,28.6068442,-96.9822379
"Vineland-Bridgeton, NJ Metro Area",157342,37.7,17.5,50750,14.3,39.3283874,-75.1216435
"Virginia Beach-Norfolk-Newport News, VA-NC Metro Area",1688238,39.5,11.9,58844,28.7,36.9178673,-76.3705911
"Visalia-Porterville, CA Metro Area",446644,19.6,26.2,42708,13.3,36.2304529,-118.7805422
"Waco, TX Metro Area",255035,23.2,22.0,41163,20.9,31.549493,-97.2014721
"Walla Walla, WA Metro Area",63119,12.2,17.7,46195,25.4,0,0
"Warner Robins, GA Metro Area",182461,39.3,16.6,51979,22.3,32.4583811,-83.6628559
"Washington-Arlington-Alexandria, DC-VA-MD-WV Metro Area",5759330,43.9,8.2,90540,47.9,38.8348307,-77.3784451
"Waterloo-Cedar Falls, IA Metro Area",168271,11.5,14.9,48637,25.4,42.5367962,-92.471608
"Watertown-Fort Drum, NY Metro Area",118073,12.9,15.4,46484,20.0,0,0
"Wausau, WI Metro Area",134497,8.2,10.9,53363,22.2,44.8980363,-89.757823
"Weirton-Steubenville, WV-OH Metro Area",123377,6.3,16.0,40598,15.4,0,0
"Wenatchee, WA Metro Area",111854,16.3,14.1,51488,21.6,47.8207101,-120.2680419
"Wheeling, WV-OH Metro Area",146986,5.4,15.2,41192,18.7,39.9755073,-80.8470013
"Wichita, KS Metro Area",633020,18.0,14.4,50556,27.8,37.6385839,-97.2460377
"Wichita Falls, TX Metro Area",150862,17.1,14.9,46401,20.0,33.767891,-98.5030297
"Williamsport, PA Metro Area",116604,7.6,14.2,45430,18.8,41.3436239,-77.0552534
"Wilmington, NC Metro Area",259815,20.3,17.4,48783,33.5,34.2498096,-78.0401305
"Winchester, VA-WV Metro Area",129786,10.1,11.7,51512,24.0,39.2729744,-78.4718276
"Winston-Salem, NC Metro Area",644250,23.9,17.4,44832,25.2,36.1900306,-80.3978061
"Worcester, MA-CT Metro Area",920803,13.3,11.2,64443,32.3,42.3116934,-71.940282
"Yakima, WA Metro Area",244654,25.6,22.6,43506,15.5,46.4565581,-120.7401446
"York-Hanover, PA Metro Area",436339,11.4,10.1,58745,22.0,39.921839,-76.7284464
"Youngstown-Warren-Boardman, OH-PA Metro Area",561884,14.1,16.7,42507,19.3,41.2363015,-80.5618679
"Yuba City, CA Metro Area",167361,31.9,18.8,47778,16.6,39.1650644,-121.5014099
"Yuma, AZ Metro Area",199026,23.4,20.2,41595,14.3,32.7739424,-113.910905
